Song link,Time
https://www.youtube.com/watch?v=SD4Z8dlZPd8,2:30
,
,
,
,
,
,
,
,
,
,
,
,
,
,
,
,
,
,
,
,
,
,
,
,
,
,
,
,
,
,
,
,
,
,
,
,
,
,
,
,
,
,
,
,
,
,
,
,
,
,
,
,
,
,
,
,
,
,
,
,
,
,
,
,
,
,
,
,
,
,
,
,
,
,
,
,
,
,
,
,
,
,
,
,
,
,
,
,
,
,
,
,
,
,
,
,
,
,
,
,
,
,
,
,
,
,
,
,
,
,
,
,
,
,
,
,
,
,
,
,
,
,
,
,
,
,
,
,
,
,
,
,
,
,
,
,
,
,
,
,
,
,
,
,
,
,
,
,
,
,
,
,
,
,
,
,
,
,
,
,
,
,
,
,
,
,
,
,
,
,
,
,
,
,
,
,
,
,
,
,
,
,
,
,
,
,
,
,
,
,
,
,
,
,
,
,
,
,
,
,
,
https://www.youtube.com/watch?v=qxaiRb1HeRw,8:51
,
https://www.youtube.com/watch?v=qxaiRb1HeRw,8:51
,
https://www.youtube.com/watch?v=qxaiRb1HeRw,8:53
,
https://www.youtube.com/watch?v=qxaiRb1HeRw,8:53
,
https://www.youtube.com/watch?v=qxaiRb1HeRw,8:56
,
https://www.youtube.com/watch?v=wfYVF1L8T1Y,9:12
,
https://www.youtube.com/watch?v=wfYVF1L8T1Y,9:16
,
https://www.youtube.com/watch?v=wfYVF1L8T1Y,9:20
,
https://www.youtube.com/watch?v=wfYVF1L8T1Y,10:00
,
https://www.youtube.com/watch?v=wfYVF1L8T1Y,10:02
,
https://www.youtube.com/watch?v=qxaiRb1HeRw,10:02
,
https://www.youtube.com/watch?v=wfYVF1L8T1Y,11:08
,
https://www.youtube.com/watch?v=qxaiRb1HeRw,11:09
,
https://www.youtube.com/watch?v=wfYVF1L8T1Y,11:36
,
https://www.youtube.com/watch?v=wfYVF1L8T1Y,12:13
,
https://www.youtube.com/watch?v=qxaiRb1HeRw,12:13
,
https://www.youtube.com/watch?v=wfYVF1L8T1Y,12:39
,
https://www.youtube.com/watch?v=wfYVF1L8T1Y,12:43
,
https://www.youtube.com/watch?v=wfYVF1L8T1Y,16:25
,
https://www.youtube.com/watch?v=wfYVF1L8T1Y,16:49
,
https://www.youtube.com/watch?v=wfYVF1L8T1Y,16:50
,
https://www.youtube.com/watch?v=wfYVF1L8T1Y,17:11
,
https://www.youtube.com/watch?v=wfYVF1L8T1Y,14:02
,
https://www.youtube.com/watch?v=qxaiRb1HeRw,14:02
,
https://www.youtube.com/watch?v=wfYVF1L8T1Y,14:08
,
https://www.youtube.com/watch?v=wfYVF1L8T1Y,10:42
,
https://www.youtube.com/watch?v=wfYVF1L8T1Y,11:13
,
https://www.youtube.com/watch?v=wfYVF1L8T1Y,12:24
,
https://www.youtube.com/watch?v=wfYVF1L8T1Y,12:41
,
https://www.youtube.com/watch?v=wfYVF1L8T1Y,13:11
,
https://www.youtube.com/watch?v=wfYVF1L8T1Y,13:12
,
https://www.youtube.com/watch?v=qxaiRb1HeRw,13:12
,
https://www.youtube.com/watch?v=wfYVF1L8T1Y,13:13
,
https://www.youtube.com/watch?v=wfYVF1L8T1Y,13:40
,
https://www.youtube.com/watch?v=wfYVF1L8T1Y,14:03
,
https://www.youtube.com/watch?v=wfYVF1L8T1Y,14:06
,
https://www.youtube.com/watch?v=qxaiRb1HeRw,14:07
,
https://www.youtube.com/watch?v=wfYVF1L8T1Y,14:10
,
https://www.youtube.com/watch?v=qxaiRb1HeRw,14:10
,
https://www.youtube.com/watch?v=wfYVF1L8T1Y,14:12
,
https://www.youtube.com/watch?v=qxaiRb1HeRw,14:12
,
https://www.youtube.com/watch?v=wfYVF1L8T1Y,14:17
,
https://www.youtube.com/watch?v=qxaiRb1HeRw,14:17
https://www.youtube.com/watch?v=wfYVF1L8T1Y,14:24
https://www.youtube.com/watch?v=qxaiRb1HeRw,14:24
https://www.youtube.com/watch?v=wfYVF1L8T1Y,14:26
https://www.youtube.com/watch?v=qxaiRb1HeRw,14:26
https://www.youtube.com/watch?v=wfYVF1L8T1Y,14:35
https://www.youtube.com/watch?v=wfYVF1L8T1Y,14:35
https://www.youtube.com/watch?v=qxaiRb1HeRw,14:35
https://www.youtube.com/watch?v=wfYVF1L8T1Y,14:37
https://www.youtube.com/watch?v=wfYVF1L8T1Y,14:49
https://www.youtube.com/watch?v=wfYVF1L8T1Y,14:50
https://www.youtube.com/watch?v=qxaiRb1HeRw,14:50
https://www.youtube.com/watch?v=wfYVF1L8T1Y,15:57
https://www.youtube.com/watch?v=wfYVF1L8T1Y,16:18
https://www.youtube.com/watch?v=wfYVF1L8T1Y,16:35
https://www.youtube.com/watch?v=wfYVF1L8T1Y,16:39
https://www.youtube.com/watch?v=wfYVF1L8T1Y,16:39
https://www.youtube.com/watch?v=wfYVF1L8T1Y,16:45
https://www.youtube.com/watch?v=qxaiRb1HeRw,16:45
https://www.youtube.com/watch?v=wfYVF1L8T1Y,16:49
https://www.youtube.com/watch?v=qxaiRb1HeRw,16:49
https://www.youtube.com/watch?v=qxaiRb1HeRw,16:49
https://www.youtube.com/watch?v=wfYVF1L8T1Y,16:49
https://www.youtube.com/watch?v=qxaiRb1HeRw,16:50
https://www.youtube.com/watch?v=wfYVF1L8T1Y,16:51
https://www.youtube.com/watch?v=qxaiRb1HeRw,16:51
https://www.youtube.com/watch?v=wfYVF1L8T1Y,16:54
https://www.youtube.com/watch?v=qxaiRb1HeRw,17:04
https://www.youtube.com/watch?v=wfYVF1L8T1Y,17:13
https://www.youtube.com/watch?v=wfYVF1L8T1Y,17:14
https://www.youtube.com/watch?v=qxaiRb1HeRw,17:24
https://www.youtube.com/watch?v=wfYVF1L8T1Y,17:43
https://www.youtube.com/watch?v=qxaiRb1HeRw,17:43
https://www.youtube.com/watch?v=wfYVF1L8T1Y,15:54
https://www.youtube.com/watch?v=qxaiRb1HeRw,15:55
https://www.youtube.com/watch?v=wfYVF1L8T1Y,18:36
https://www.youtube.com/watch?reload=9&v=WpHKeKDYfkI,18:51
https://www.youtube.com/watch?v=wfYVF1L8T1Y,18:51
https://www.youtube.com/watch?v=wfYVF1L8T1Y,18:51
https://www.youtube.com/watch?v=qxaiRb1HeRw,18:51
https://www.youtube.com/watch?v=qxaiRb1HeRw,18:52
https://www.youtube.com/watch?v=vmW44_CA91k,20:19
https://www.youtube.com/watch?v=wfYVF1L8T1Y,20:24
https://www.youtube.com/watch?v=qxaiRb1HeRw,20:25
https://www.youtube.com/watch?v=vmW44_CA91k,20:29
https://www.youtube.com/watch?v=qxaiRb1HeRw,20:42
https://www.youtube.com/watch?v=wfYVF1L8T1Y,20:54
https://www.youtube.com/watch?v=qxaiRb1HeRw,21:04
